datetime,open,close,high,low,volume
2019-12-24 15:00:00,1.013,1.016,1.019,1.009,43977212.0
2019-12-25 15:00:00,1.011,1.017,1.017,1.011,19269988.0
2019-12-26 15:00:00,1.014,1.014,1.015,1.012,6663502.0
2019-12-27 15:00:00,1.015,1.016,1.018,1.013,15659583.0
2019-12-30 15:00:00,1.015,1.014,1.016,1.011,5374263.0
2019-12-31 15:00:00,1.012,1.012,1.013,1.009,2092406.0
2020-01-02 15:00:00,1.013,1.009,1.015,1.008,7562241.0
2020-01-03 15:00:00,1.008,1.001,1.008,1.0,7421357.0
2020-01-06 15:00:00,1.0,1.001,1.004,1.0,6029767.0
2020-01-07 15:00:00,1.001,1.005,1.005,1.001,4168802.0
2020-01-08 15:00:00,1.005,1.006,1.007,1.003,7740224.0
2020-01-09 15:00:00,1.008,1.011,1.013,1.008,6435138.0
2020-01-10 15:00:00,1.011,1.013,1.013,1.009,3455044.0
2020-01-13 15:00:00,1.014,1.012,1.014,1.009,1741107.0
2020-01-14 15:00:00,1.01,1.009,1.012,1.007,4536701.0
2020-01-15 15:00:00,1.01,1.012,1.013,1.01,2089816.0
2020-01-16 15:00:00,1.014,1.018,1.019,1.014,3799831.0
2020-01-17 15:00:00,1.015,1.018,1.02,1.015,6586233.0
2020-01-20 15:00:00,1.015,1.016,1.017,1.014,906235.0
2020-01-21 15:00:00,1.014,1.003,1.014,1.003,3864719.0
2020-01-22 15:00:00,1.003,1.008,1.009,1.003,1384037.0
2020-01-23 15:00:00,1.002,0.997,1.005,0.995,3261403.0
2020-02-03 15:00:00,0.959,0.939,0.959,0.897,1985811.0
2020-02-04 15:00:00,0.94,0.95,0.95,0.94,1955909.0
2020-02-05 15:00:00,0.95,0.954,0.957,0.948,2650110.0
2020-02-06 15:00:00,0.956,0.96,0.963,0.955,414101.0
2020-02-07 15:00:00,0.958,0.956,0.96,0.956,463611.0
2020-02-10 15:00:00,0.956,0.954,0.956,0.952,777800.0
2020-02-11 15:00:00,0.954,0.957,0.959,0.954,598702.0
2020-02-12 15:00:00,0.957,0.959,0.965,0.955,2715000.0
2020-02-13 15:00:00,0.959,0.961,0.963,0.958,464106.0
2020-02-14 15:00:00,0.961,0.962,0.966,0.96,279800.0
2020-02-17 15:00:00,0.962,0.968,0.97,0.959,653401.0
2020-02-18 15:00:00,0.964,0.968,0.969,0.963,248300.0
2020-02-19 15:00:00,0.963,0.969,0.97,0.963,299900.0
2020-02-20 15:00:00,0.97,0.966,0.97,0.964,703700.0
2020-02-21 15:00:00,0.964,0.962,0.98,0.96,442525.0
2020-02-24 15:00:00,0.96,0.955,0.96,0.952,555204.0
2020-02-25 15:00:00,0.945,0.955,0.98,0.924,1011007.0
2020-02-26 15:00:00,0.955,0.949,0.955,0.948,422101.0
2020-02-27 15:00:00,0.949,0.946,0.949,0.944,363000.0
2020-02-28 15:00:00,0.944,0.922,0.944,0.92,538501.0
2020-03-02 15:00:00,0.922,0.941,0.941,0.922,822664.0
2020-03-03 15:00:00,0.943,0.943,0.949,0.941,881633.0
2020-03-04 15:00:00,0.94,0.937,0.94,0.936,238101.0
2020-03-05 15:00:00,0.938,0.945,0.946,0.933,5336504.0
2020-03-06 15:00:00,0.938,0.94,0.945,0.937,3352400.0
2020-03-09 15:00:00,0.92,0.917,0.921,0.908,3654920.0
2020-03-10 15:00:00,0.918,0.929,0.934,0.918,5534425.0
2020-03-11 15:00:00,0.929,0.921,0.93,0.919,28005500.0
2020-03-12 15:00:00,0.921,0.912,0.921,0.904,20508100.0
2020-03-13 15:00:00,0.907,0.904,0.907,0.891,22552312.0
2020-03-16 15:00:00,0.904,0.894,0.907,0.892,13115381.0
2020-03-17 15:00:00,0.896,0.885,0.896,0.884,22286300.0
2020-03-18 15:00:00,0.883,0.839,0.883,0.838,12129700.0
2020-03-19 15:00:00,0.813,0.792,0.818,0.787,5653600.0
2020-03-20 15:00:00,0.8,0.827,0.829,0.8,3198200.0
2020-03-23 15:00:00,0.811,0.789,0.811,0.78,7196000.0
2020-03-24 15:00:00,0.83,0.809,0.83,0.8,17728200.0
2020-03-25 15:00:00,0.817,0.825,0.826,0.814,12809100.0
2020-03-26 15:00:00,0.825,0.818,0.828,0.818,15184600.0
2020-03-27 15:00:00,0.821,0.829,0.829,0.82,19875700.0
2020-03-30 15:00:00,0.827,0.819,0.827,0.813,7960600.0
2020-03-31 15:00:00,0.824,0.828,0.83,0.824,8590000.0
2020-04-01 15:00:00,0.83,0.822,0.834,0.82,40125100.0
2020-04-02 15:00:00,0.822,0.829,0.83,0.811,42123300.0
2020-04-03 15:00:00,0.83,0.834,0.837,0.826,59998124.0
2020-04-07 15:00:00,0.856,0.847,0.867,0.845,32052700.0
2020-04-08 15:00:00,0.845,0.849,0.851,0.841,23069300.0
2020-04-09 15:00:00,0.851,0.847,0.851,0.846,18424500.0
2020-04-10 15:00:00,0.847,0.866,0.868,0.847,43555200.0
2020-04-13 15:00:00,0.866,0.867,0.87,0.863,59555100.0
2020-04-14 15:00:00,0.871,0.866,0.872,0.864,50553400.0
2020-04-15 15:00:00,0.867,0.867,0.871,0.862,28455600.0
2020-04-16 15:00:00,0.853,0.864,0.866,0.853,67397400.0
2020-04-17 15:00:00,0.873,0.879,0.88,0.873,18907300.0
2020-04-20 15:00:00,0.879,0.885,0.888,0.874,34707100.0
2020-04-21 15:00:00,0.848,0.865,0.88,0.848,41160308.0
2020-04-22 15:00:00,0.86,0.857,0.86,0.845,94629696.0
2020-04-23 15:00:00,0.861,0.875,0.875,0.861,64659600.0
2020-04-24 15:00:00,0.87,0.872,0.874,0.868,47998200.0
2020-04-27 15:00:00,0.88,0.886,0.893,0.88,67792896.0
2020-04-28 15:00:00,0.896,0.881,0.896,0.878,45723700.0
2020-04-29 15:00:00,0.882,0.883,0.888,0.882,41830700.0
2020-04-30 15:00:00,0.886,0.889,0.889,0.885,18753200.0
2020-05-06 15:00:00,0.888,0.891,0.891,0.885,27314500.0
2020-05-07 15:00:00,0.891,0.893,0.894,0.889,44840020.0
2020-05-08 15:00:00,0.894,0.901,0.902,0.893,27678200.0
2020-05-11 15:00:00,0.903,0.902,0.908,0.901,26032900.0
2020-05-12 15:00:00,0.901,0.896,0.905,0.895,42352304.0
2020-05-13 15:00:00,0.894,0.891,0.894,0.886,109093296.0
2020-05-14 15:00:00,0.89,0.89,0.892,0.886,51324500.0
2020-05-15 15:00:00,0.896,0.889,0.896,0.889,40635300.0
2020-05-18 15:00:00,0.893,0.898,0.898,0.89,51706600.0
2020-05-19 15:00:00,0.906,0.908,0.911,0.906,47271700.0
2020-05-20 15:00:00,0.913,0.913,0.914,0.911,29883400.0
2020-05-21 15:00:00,0.919,0.918,0.925,0.915,53218800.0
2020-05-22 15:00:00,0.915,0.896,0.915,0.895,44541900.0
2020-05-25 15:00:00,0.898,0.903,0.905,0.898,46454700.0
2020-05-26 15:00:00,0.904,0.906,0.907,0.902,44015100.0
2020-05-27 15:00:00,0.907,0.901,0.908,0.9,60399400.0
2020-05-28 15:00:00,0.902,0.905,0.907,0.902,61690004.0
2020-05-29 15:00:00,0.906,0.91,0.91,0.904,90789400.0
2020-06-01 15:00:00,0.915,0.921,0.922,0.914,57678800.0
2020-06-02 15:00:00,0.921,0.919,0.921,0.918,60659200.0
2020-06-03 15:00:00,0.928,0.927,0.928,0.923,94819504.0
2020-06-04 15:00:00,0.921,0.922,0.925,0.918,106362200.0
2020-06-05 15:00:00,0.926,0.931,0.932,0.924,71233904.0
2020-06-08 15:00:00,0.933,0.942,0.943,0.932,87059400.0
2020-06-09 15:00:00,0.945,0.946,0.95,0.944,88042704.0
2020-06-10 15:00:00,0.952,0.951,0.952,0.949,65578304.0
2020-06-11 15:00:00,0.955,0.945,0.96,0.942,63665900.0
2020-06-12 15:00:00,0.937,0.945,0.948,0.937,86405104.0
2020-06-15 15:00:00,0.937,0.935,0.942,0.935,99890904.0
2020-06-16 15:00:00,0.943,0.954,0.954,0.943,102799704.0
2020-06-17 15:00:00,0.949,0.952,0.954,0.948,36169900.0
2020-06-18 15:00:00,0.952,0.953,0.954,0.951,24630904.0
2020-06-19 15:00:00,0.955,0.965,0.965,0.954,92720304.0
2020-06-22 15:00:00,0.964,0.961,0.965,0.959,15675200.0
2020-06-23 15:00:00,0.963,0.966,0.966,0.961,57076700.0
2020-06-24 15:00:00,0.965,0.965,0.967,0.965,58669200.0
2020-06-29 15:00:00,0.969,0.973,0.973,0.968,58128304.0
2020-06-30 15:00:00,0.975,0.978,0.979,0.975,70867200.0
2020-07-01 15:00:00,0.979,0.986,0.986,0.979,92376304.0
2020-07-02 15:00:00,0.988,0.987,0.988,0.983,40328704.0
2020-07-03 15:00:00,0.987,0.986,0.989,0.982,87153000.0
2020-07-06 15:00:00,0.981,0.991,0.992,0.973,90902008.0
2020-07-07 15:00:00,0.992,0.992,0.996,0.988,8597200.0
2020-07-08 15:00:00,0.993,0.993,0.995,0.991,27285300.0
2020-07-09 15:00:00,0.998,1.009,1.009,0.998,37871912.0
2020-07-10 15:00:00,1.005,1.003,1.008,0.993,12646300.0
2020-07-13 15:00:00,1.038,1.044,1.051,1.037,11484510.0
2020-07-14 15:00:00,1.031,1.033,1.036,1.028,15810406.0
2020-07-15 15:00:00,1.036,1.034,1.038,1.032,4144504.0
2020-07-16 15:00:00,1.03,1.006,1.03,1.002,29477032.0
2020-07-17 15:00:00,1.014,1.013,1.019,1.011,49143600.0
2020-07-20 15:00:00,1.012,1.012,1.014,1.008,50333012.0
2020-07-21 15:00:00,1.015,1.026,1.03,1.014,9278600.0
2020-07-22 15:00:00,1.037,1.035,1.051,1.034,9263300.0
2020-07-23 15:00:00,1.027,1.028,1.029,1.023,15700901.0
2020-07-24 15:00:00,1.028,1.022,1.035,1.019,17202304.0
2020-07-27 15:00:00,1.032,1.035,1.039,1.032,16608905.0
2020-07-28 15:00:00,1.053,1.037,1.054,1.034,14073200.0
2020-07-29 15:00:00,1.044,1.045,1.047,1.04,10570100.0
2020-07-30 15:00:00,1.048,1.046,1.054,1.045,9832900.0
2020-07-31 15:00:00,1.046,1.048,1.049,1.045,12448800.0
2020-08-03 15:00:00,1.033,1.042,1.044,1.03,19914100.0
2020-08-04 15:00:00,1.049,1.049,1.053,1.047,6065900.0
2020-08-05 15:00:00,1.05,1.052,1.054,1.049,11609914.0
2020-08-06 15:00:00,1.059,1.06,1.06,1.053,34855600.0
2020-08-07 15:00:00,1.064,1.057,1.064,1.053,64303400.0
2020-08-10 15:00:00,1.038,1.041,1.043,1.033,82885200.0
2020-08-11 15:00:00,1.043,1.04,1.049,1.04,43284500.0
2020-08-12 15:00:00,1.034,1.036,1.037,1.029,80569000.0
2020-08-13 15:00:00,1.039,1.042,1.047,1.037,61629304.0
2020-08-14 15:00:00,1.039,1.043,1.044,1.038,41944200.0
2020-08-17 15:00:00,1.042,1.053,1.053,1.042,12857600.0
2020-08-18 15:00:00,1.056,1.057,1.06,1.056,19099502.0
2020-08-19 15:00:00,1.071,1.075,1.076,1.071,22046704.0
2020-08-20 15:00:00,1.073,1.073,1.079,1.07,41850100.0
2020-08-21 15:00:00,1.074,1.072,1.077,1.068,30044600.0
2020-08-24 15:00:00,1.065,1.066,1.067,1.062,22632002.0
2020-08-25 15:00:00,1.062,1.064,1.069,1.061,29581600.0
2020-08-26 15:00:00,1.067,1.07,1.071,1.066,19573700.0
2020-08-27 15:00:00,1.073,1.072,1.074,1.071,27323300.0
2020-08-28 15:00:00,1.073,1.081,1.082,1.073,27357104.0
2020-08-31 15:00:00,1.082,1.082,1.084,1.081,6433202.0
2020-09-01 15:00:00,1.086,1.1,1.1,1.086,10459304.0
2020-09-02 15:00:00,1.087,1.089,1.09,1.082,7905700.0
2020-09-03 15:00:00,1.09,1.083,1.092,1.083,10931800.0
2020-09-04 15:00:00,1.073,1.076,1.08,1.068,9732400.0
2020-09-07 15:00:00,1.088,1.083,1.09,1.079,8645900.0
2020-09-08 15:00:00,1.088,1.086,1.088,1.084,5475800.0
2020-09-09 15:00:00,1.069,1.065,1.073,1.065,7890300.0
2020-09-10 15:00:00,1.067,1.054,1.07,1.054,23416600.0
2020-09-11 15:00:00,1.054,1.054,1.055,1.05,10102148.0
2020-09-14 15:00:00,1.061,1.068,1.07,1.061,4564000.0
2020-09-15 15:00:00,1.066,1.071,1.072,1.066,6314400.0
2020-09-16 15:00:00,1.067,1.068,1.07,1.065,16775700.0
2020-09-17 15:00:00,1.061,1.057,1.062,1.057,43419500.0
2020-09-18 15:00:00,1.069,1.076,1.076,1.069,78340096.0
2020-09-21 15:00:00,1.078,1.072,1.078,1.071,53254800.0
2020-09-22 15:00:00,1.061,1.063,1.068,1.061,14317000.0
2020-09-23 15:00:00,1.063,1.056,1.065,1.049,9627800.0
2020-09-24 15:00:00,1.042,1.037,1.042,1.036,39207000.0
2020-09-25 15:00:00,1.036,1.041,1.043,1.034,11892800.0
2020-09-28 15:00:00,1.038,1.047,1.047,1.036,8904900.0
2020-09-29 15:00:00,1.049,1.048,1.05,1.046,5462100.0
2020-09-30 15:00:00,1.05,1.047,1.052,1.046,11709100.0
2020-10-09 15:00:00,1.058,1.058,1.061,1.056,9745800.0
2020-10-12 15:00:00,1.059,1.064,1.064,1.058,11437000.0
2020-10-13 15:00:00,1.063,1.062,1.063,1.059,8964600.0
2020-10-14 15:00:00,1.059,1.058,1.06,1.055,12411800.0
2020-10-15 15:00:00,1.056,1.055,1.057,1.054,16801500.0
2020-10-16 15:00:00,1.057,1.059,1.061,1.057,15997900.0
2020-10-19 15:00:00,1.058,1.06,1.062,1.058,10253900.0
2020-10-20 15:00:00,1.06,1.061,1.062,1.058,11021100.0
2020-10-21 15:00:00,1.071,1.076,1.078,1.071,171052704.0
2020-10-22 15:00:00,1.077,1.076,1.077,1.073,181178800.0
2020-10-23 15:00:00,1.076,1.069,1.076,1.068,59258200.0
2020-10-26 15:00:00,1.068,1.063,1.068,1.062,64543600.0
2020-10-27 15:00:00,1.06,1.066,1.067,1.06,50448700.0
2020-10-28 15:00:00,1.067,1.076,1.077,1.066,56167000.0
2020-10-29 15:00:00,1.183,1.068,1.183,1.061,90912704.0
2020-10-30 15:00:00,1.069,1.057,1.069,1.054,43197300.0
2020-11-02 15:00:00,1.053,1.061,1.063,1.053,29722900.0
2020-11-03 15:00:00,1.068,1.073,1.073,1.067,19291900.0
2020-11-04 15:00:00,1.075,1.069,1.075,1.064,24406900.0
2020-11-05 15:00:00,1.07,1.07,1.086,1.068,15287000.0
2020-11-06 15:00:00,1.071,1.068,1.072,1.068,43834200.0
2020-11-09 15:00:00,1.069,1.078,1.082,1.069,7821600.0
2020-11-10 15:00:00,1.078,1.074,1.082,1.073,14080000.0
2020-11-11 15:00:00,1.075,1.081,1.082,1.075,18213200.0
2020-11-12 15:00:00,1.08,1.081,1.083,1.079,17532400.0
2020-11-13 15:00:00,1.082,1.088,1.088,1.08,10108200.0
2020-11-16 15:00:00,1.09,1.107,1.108,1.09,37411712.0
2020-11-17 15:00:00,1.104,1.094,1.104,1.093,15523600.0
2020-11-18 15:00:00,1.099,1.104,1.104,1.096,26958900.0
2020-11-19 15:00:00,1.097,1.096,1.098,1.094,15191500.0
2020-11-20 15:00:00,1.101,1.112,1.112,1.101,15288800.0
2020-11-23 15:00:00,1.116,1.118,1.123,1.116,19397700.0
2020-11-24 15:00:00,1.119,1.13,1.131,1.116,32365300.0
2020-11-25 15:00:00,1.13,1.123,1.133,1.122,15762900.0
2020-11-26 15:00:00,1.127,1.136,1.136,1.126,28229804.0
2020-11-27 15:00:00,1.139,1.15,1.15,1.139,18881200.0
2020-11-30 15:00:00,1.158,1.172,1.173,1.158,33040904.0
2020-12-01 15:00:00,1.158,1.151,1.162,1.151,27527500.0
2020-12-02 15:00:00,1.153,1.15,1.157,1.15,29232900.0
2020-12-03 15:00:00,1.144,1.135,1.146,1.134,18096700.0
2020-12-04 15:00:00,1.136,1.148,1.15,1.136,22849800.0
2020-12-07 15:00:00,1.151,1.142,1.16,1.139,17116000.0
2020-12-08 15:00:00,1.146,1.147,1.153,1.144,14720300.0
2020-12-09 15:00:00,1.149,1.149,1.156,1.147,16215800.0
2020-12-10 15:00:00,1.154,1.16,1.161,1.149,28160100.0
2020-12-11 15:00:00,1.188,1.17,1.275,1.16,73336496.0
2020-12-14 15:00:00,1.17,1.174,1.18,1.17,26797800.0
2020-12-15 15:00:00,1.173,1.173,1.174,1.17,10351600.0
2020-12-16 15:00:00,1.176,1.178,1.182,1.175,15156600.0
2020-12-17 15:00:00,1.181,1.191,1.192,1.18,13178000.0
2020-12-18 15:00:00,1.192,1.205,1.208,1.192,22696800.0
2020-12-21 15:00:00,1.22,1.201,1.221,1.189,11685800.0
2020-12-22 15:00:00,1.186,1.167,1.19,1.166,20035800.0
2020-12-23 15:00:00,1.152,1.169,1.169,1.152,27537700.0
2020-12-24 15:00:00,1.176,1.174,1.177,1.172,18965500.0
2020-12-25 15:00:00,1.176,1.183,1.185,1.175,10698700.0
2020-12-28 15:00:00,1.185,1.182,1.19,1.178,14236900.0
2020-12-29 15:00:00,1.183,1.168,1.183,1.166,15427300.0
2020-12-30 15:00:00,1.168,1.169,1.17,1.165,12997400.0
2020-12-31 15:00:00,1.164,1.155,1.164,1.154,18723000.0
2021-01-04 15:00:00,1.159,1.164,1.166,1.159,25644100.0
2021-01-05 15:00:00,1.166,1.17,1.172,1.164,26514600.0
2021-01-06 15:00:00,1.18,1.181,1.185,1.177,20742000.0
2021-01-07 15:00:00,1.183,1.197,1.197,1.182,38881300.0
2021-01-08 15:00:00,1.192,1.204,1.209,1.192,26510000.0
2021-01-11 15:00:00,1.203,1.171,1.204,1.169,27909700.0
2021-01-12 15:00:00,1.168,1.174,1.175,1.158,27301000.0
2021-01-13 15:00:00,1.172,1.173,1.179,1.169,32645100.0
2021-01-14 15:00:00,1.173,1.173,1.174,1.167,20300100.0
2021-01-15 15:00:00,1.184,1.174,1.19,1.173,26460000.0
2021-01-18 15:00:00,1.172,1.185,1.186,1.172,16811900.0
2021-01-19 15:00:00,1.182,1.176,1.182,1.173,19138200.0
2021-01-20 15:00:00,1.177,1.182,1.184,1.175,14418600.0
2021-01-21 15:00:00,1.182,1.19,1.195,1.182,26188500.0
2021-01-22 15:00:00,1.187,1.178,1.188,1.175,26998500.0
2021-01-25 15:00:00,1.19,1.194,1.197,1.188,23878900.0
2021-01-26 15:00:00,1.193,1.183,1.194,1.181,20697800.0
2021-01-27 15:00:00,1.186,1.183,1.189,1.181,19424100.0
2021-01-28 15:00:00,1.171,1.165,1.172,1.162,15143900.0
2021-01-29 15:00:00,1.173,1.161,1.177,1.157,21912900.0
2021-02-01 15:00:00,1.161,1.169,1.17,1.158,15349200.0
2021-02-02 15:00:00,1.167,1.155,1.167,1.152,17253900.0
2021-02-03 15:00:00,1.153,1.147,1.155,1.145,17910100.0
2021-02-04 15:00:00,1.157,1.163,1.165,1.155,14527633.0
2021-02-05 15:00:00,1.169,1.176,1.176,1.167,16693000.0
2021-02-08 15:00:00,1.198,1.187,1.198,1.182,11042300.0
2021-02-09 15:00:00,1.189,1.197,1.198,1.186,10657500.0
2021-02-10 15:00:00,1.198,1.213,1.214,1.198,15729700.0
2021-02-18 15:00:00,1.334,1.268,1.334,1.245,101814224.0
2021-02-19 15:00:00,1.268,1.289,1.29,1.261,64912500.0
2021-02-22 15:00:00,1.34,1.346,1.396,1.328,187914000.0
2021-02-23 15:00:00,1.348,1.328,1.348,1.318,103157400.0
2021-02-24 15:00:00,1.329,1.312,1.334,1.305,69548400.0
2021-02-25 15:00:00,1.35,1.353,1.366,1.346,100589296.0
2021-02-26 15:00:00,1.308,1.317,1.33,1.271,59335000.0
2021-03-01 15:00:00,1.316,1.304,1.316,1.298,41067720.0
2021-03-02 15:00:00,1.295,1.285,1.295,1.268,59156920.0
2021-03-03 15:00:00,1.305,1.308,1.311,1.3,34384200.0
2021-03-04 15:00:00,1.301,1.271,1.301,1.27,19891600.0
2021-03-05 15:00:00,1.235,1.255,1.261,1.21,39520200.0
2021-03-08 15:00:00,1.269,1.249,1.278,1.249,29801900.0
2021-03-09 15:00:00,1.261,1.251,1.271,1.248,31690300.0
2021-03-10 15:00:00,1.251,1.244,1.256,1.244,15496205.0
2021-03-11 15:00:00,1.247,1.29,1.29,1.247,48496300.0
2021-03-12 15:00:00,1.285,1.277,1.287,1.272,36776200.0
2021-03-15 15:00:00,1.282,1.282,1.289,1.272,26017000.0
2021-03-16 15:00:00,1.283,1.266,1.286,1.266,26080800.0
2021-03-17 15:00:00,1.261,1.27,1.271,1.256,19422500.0
2021-03-18 15:00:00,1.277,1.266,1.281,1.263,35555800.0
2021-03-19 15:00:00,1.252,1.255,1.268,1.252,22501000.0
2021-03-22 15:00:00,1.265,1.273,1.282,1.265,23254800.0
2021-03-23 15:00:00,1.282,1.277,1.289,1.262,24253400.0
2021-03-24 15:00:00,1.263,1.264,1.266,1.258,17071400.0
2021-03-25 15:00:00,1.264,1.25,1.264,1.249,13493600.0
2021-03-26 15:00:00,1.253,1.266,1.271,1.253,13837800.0
2021-03-29 15:00:00,1.269,1.273,1.274,1.267,11598700.0
2021-03-30 15:00:00,1.271,1.269,1.276,1.268,11010600.0
2021-03-31 15:00:00,1.261,1.256,1.261,1.253,11805420.0
2021-04-01 15:00:00,1.257,1.256,1.263,1.255,13478600.0
2021-04-02 15:00:00,1.268,1.285,1.285,1.267,20870100.0
2021-04-06 15:00:00,1.295,1.287,1.31,1.286,18647700.0
2021-04-07 15:00:00,1.288,1.286,1.291,1.285,9066800.0
2021-04-08 15:00:00,1.287,1.29,1.292,1.277,13697900.0
2021-04-09 15:00:00,1.298,1.283,1.298,1.282,12509500.0
2021-04-12 15:00:00,1.28,1.264,1.28,1.262,16812800.0
2021-04-13 15:00:00,1.263,1.265,1.27,1.257,9970800.0
2021-04-14 15:00:00,1.273,1.274,1.274,1.269,13330500.0
2021-04-15 15:00:00,1.286,1.298,1.299,1.283,22617000.0
2021-04-16 15:00:00,1.312,1.304,1.317,1.3,21004800.0
2021-04-19 15:00:00,1.3,1.318,1.319,1.297,24998100.0
2021-04-20 15:00:00,1.307,1.31,1.317,1.305,15279400.0
2021-04-21 15:00:00,1.301,1.294,1.301,1.29,21959800.0
2021-04-22 15:00:00,1.297,1.297,1.303,1.291,19848000.0
2021-04-23 15:00:00,1.297,1.306,1.309,1.297,13133500.0
2021-04-26 15:00:00,1.316,1.329,1.331,1.316,25815700.0
2021-04-27 15:00:00,1.341,1.351,1.355,1.341,37944900.0
2021-04-28 15:00:00,1.348,1.335,1.348,1.331,22073900.0
2021-04-29 15:00:00,1.359,1.36,1.368,1.358,34167100.0
2021-04-30 15:00:00,1.358,1.353,1.358,1.224,29235200.0
2021-05-06 15:00:00,1.377,1.377,1.383,1.362,30465500.0
2021-05-07 15:00:00,1.392,1.404,1.406,1.39,43352400.0
2021-05-10 15:00:00,1.431,1.447,1.447,1.429,52875500.0
2021-05-11 15:00:00,1.42,1.413,1.422,1.387,75367504.0
2021-05-12 15:00:00,1.413,1.422,1.425,1.412,34797900.0
2021-05-13 15:00:00,1.396,1.393,1.405,1.386,38307900.0
2021-05-14 15:00:00,1.389,1.375,1.389,1.357,56530088.0
2021-05-17 15:00:00,1.381,1.388,1.395,1.381,28321260.0
2021-05-18 15:00:00,1.416,1.415,1.416,1.406,30722400.0
2021-05-19 15:00:00,1.402,1.388,1.409,1.387,29197300.0
2021-05-20 15:00:00,1.344,1.372,1.376,1.344,23775100.0
2021-05-21 15:00:00,1.356,1.352,1.366,1.345,53236600.0
2021-05-24 15:00:00,1.333,1.332,1.338,1.322,56713100.0
2021-05-25 15:00:00,1.345,1.343,1.353,1.34,38407200.0
2021-05-26 15:00:00,1.341,1.342,1.348,1.339,25811000.0
2021-05-27 15:00:00,1.344,1.35,1.355,1.339,31855100.0
2021-05-28 15:00:00,1.382,1.379,1.39,1.371,55849400.0
2021-05-31 15:00:00,1.396,1.389,1.399,1.381,31534700.0
2021-06-01 15:00:00,1.381,1.389,1.391,1.381,19727700.0
2021-06-02 15:00:00,1.386,1.384,1.391,1.381,7725700.0
2021-06-03 15:00:00,1.397,1.374,1.397,1.371,7520900.0
2021-06-04 15:00:00,1.357,1.349,1.359,1.344,24334732.0
2021-06-07 15:00:00,1.36,1.351,1.363,1.348,19619040.0
2021-06-08 15:00:00,1.353,1.348,1.354,1.347,23759600.0
2021-06-09 15:00:00,1.362,1.362,1.366,1.359,25092400.0
2021-06-10 15:00:00,1.361,1.356,1.363,1.352,15872200.0
2021-06-11 15:00:00,1.361,1.378,1.379,1.36,35766000.0
2021-06-15 15:00:00,1.368,1.35,1.368,1.337,36130200.0
2021-06-16 15:00:00,1.338,1.325,1.341,1.322,20537900.0
2021-06-17 15:00:00,1.328,1.333,1.339,1.328,9473300.0
2021-06-18 15:00:00,1.31,1.304,1.318,1.302,20968900.0
2021-06-21 15:00:00,1.3,1.297,1.304,1.294,11308300.0
2021-06-22 15:00:00,1.307,1.315,1.316,1.305,10573008.0
2021-06-23 15:00:00,1.322,1.334,1.338,1.322,12829400.0
2021-06-24 15:00:00,1.342,1.333,1.343,1.33,13121400.0
2021-06-25 15:00:00,1.348,1.345,1.352,1.343,17074100.0
2021-06-28 15:00:00,1.345,1.341,1.345,1.335,22758800.0
2021-06-29 15:00:00,1.341,1.338,1.341,1.33,14061600.0
2021-06-30 15:00:00,1.344,1.346,1.347,1.338,10938600.0
2021-07-01 15:00:00,1.346,1.338,1.35,1.337,9065700.0
2021-07-02 15:00:00,1.336,1.337,1.34,1.334,16913700.0
2021-07-05 15:00:00,1.343,1.361,1.367,1.343,20904600.0
2021-07-06 15:00:00,1.366,1.372,1.375,1.363,24368000.0
2021-07-07 15:00:00,1.363,1.359,1.363,1.343,14994300.0
2021-07-08 15:00:00,1.349,1.353,1.358,1.348,18184800.0
2021-07-09 15:00:00,1.354,1.361,1.365,1.352,13953000.0
2021-07-12 15:00:00,1.37,1.361,1.374,1.359,18920200.0
2021-07-13 15:00:00,1.368,1.366,1.37,1.366,14259700.0
2021-07-14 15:00:00,1.359,1.362,1.362,1.353,23514400.0
2021-07-15 15:00:00,1.356,1.367,1.368,1.353,28069700.0
2021-07-16 15:00:00,1.374,1.382,1.387,1.373,20012100.0
2021-07-19 15:00:00,1.384,1.381,1.388,1.378,21813400.0
2021-07-20 15:00:00,1.361,1.363,1.367,1.354,23604400.0
2021-07-21 15:00:00,1.364,1.359,1.366,1.354,19527000.0
2021-07-22 15:00:00,1.364,1.37,1.371,1.363,17718200.0
2021-07-23 15:00:00,1.382,1.394,1.397,1.382,30429600.0
2021-07-26 15:00:00,1.412,1.408,1.418,1.404,32707600.0
2021-07-27 15:00:00,1.431,1.414,1.438,1.412,30800000.0
2021-07-28 15:00:00,1.416,1.411,1.422,1.408,23390300.0
2021-07-29 15:00:00,1.424,1.417,1.424,1.405,21692800.0
2021-07-30 15:00:00,1.411,1.423,1.424,1.411,16295300.0
2021-08-02 15:00:00,1.415,1.421,1.428,1.413,15183100.0
2021-08-03 15:00:00,1.415,1.395,1.415,1.394,17123700.0
2021-08-04 15:00:00,1.389,1.394,1.396,1.388,9026000.0
2021-08-05 15:00:00,1.388,1.383,1.389,1.382,11732000.0
2021-08-06 15:00:00,1.39,1.403,1.404,1.387,9437900.0
2021-08-09 15:00:00,1.387,1.388,1.391,1.383,12068600.0
2021-08-10 15:00:00,1.387,1.395,1.396,1.386,8780500.0
2021-08-11 15:00:00,1.4,1.4,1.404,1.395,14765400.0
2021-08-12 15:00:00,1.409,1.415,1.419,1.406,24556602.0
2021-08-13 15:00:00,1.403,1.405,1.408,1.401,13057300.0
2021-08-16 15:00:00,1.409,1.403,1.412,1.401,16022400.0
2021-08-17 15:00:00,1.405,1.411,1.418,1.405,11115100.0
2021-08-18 15:00:00,1.406,1.394,1.406,1.392,14140300.0
2021-08-19 15:00:00,1.38,1.37,1.383,1.369,21938700.0
2021-08-20 15:00:00,1.358,1.363,1.367,1.356,18574200.0
2021-08-23 15:00:00,1.369,1.378,1.384,1.369,21605600.0
2021-08-24 15:00:00,1.382,1.39,1.393,1.382,9622500.0
2021-08-25 15:00:00,1.397,1.403,1.405,1.397,7551700.0
2021-08-26 15:00:00,1.406,1.393,1.408,1.393,7904600.0
2021-08-27 15:00:00,1.394,1.404,1.404,1.37,13344600.0
2021-08-30 15:00:00,1.411,1.431,1.431,1.411,26712200.0
2021-08-31 15:00:00,1.431,1.427,1.433,1.422,23895200.0
2021-09-01 15:00:00,1.422,1.408,1.422,1.406,16667800.0
2021-09-02 15:00:00,1.407,1.419,1.419,1.406,14817600.0
2021-09-03 15:00:00,1.417,1.409,1.417,1.408,10837700.0
2021-09-06 15:00:00,1.422,1.423,1.43,1.418,9165000.0
2021-09-07 15:00:00,1.423,1.415,1.423,1.413,12408000.0
2021-09-08 15:00:00,1.416,1.415,1.422,1.415,17979300.0
2021-09-09 15:00:00,1.42,1.44,1.444,1.416,20152800.0
2021-09-10 15:00:00,1.446,1.457,1.466,1.445,16708600.0
2021-09-13 15:00:00,1.5,1.479,1.5,1.47,16018900.0
2021-09-14 15:00:00,1.455,1.444,1.459,1.442,11421000.0
2021-09-15 15:00:00,1.44,1.442,1.448,1.43,14429500.0
2021-09-16 15:00:00,1.455,1.439,1.457,1.432,13284700.0
2021-09-17 15:00:00,1.441,1.441,1.445,1.437,19581100.0
2021-09-22 15:00:00,1.429,1.45,1.451,1.425,20793300.0
2021-09-23 15:00:00,1.454,1.451,1.455,1.444,22480400.0
2021-09-24 15:00:00,1.462,1.459,1.469,1.445,20050100.0
2021-09-27 15:00:00,1.464,1.435,1.472,1.435,21607200.0
2021-09-28 15:00:00,1.434,1.433,1.434,1.43,18178100.0
2021-09-29 15:00:00,1.432,1.428,1.435,1.426,10571200.0
2021-09-30 15:00:00,1.424,1.413,1.424,1.408,13734100.0
2021-10-08 15:00:00,1.44,1.441,1.452,1.439,12512000.0
2021-10-11 15:00:00,1.458,1.47,1.474,1.452,18042900.0
2021-10-12 15:00:00,1.471,1.463,1.472,1.458,21487500.0
2021-10-13 15:00:00,1.463,1.47,1.477,1.448,26007200.0
2021-10-14 15:00:00,1.493,1.523,1.534,1.48,41913700.0
2021-10-15 15:00:00,1.541,1.536,1.541,1.519,60260400.0
2021-10-18 15:00:00,1.567,1.603,1.616,1.56,119008496.0
2021-10-19 15:00:00,1.6,1.595,1.603,1.575,88529600.0
2021-10-20 15:00:00,1.526,1.524,1.566,1.503,68643504.0
2021-10-21 15:00:00,1.559,1.521,1.573,1.521,63994700.0
2021-10-22 15:00:00,1.512,1.499,1.515,1.484,50919400.0
2021-10-25 15:00:00,1.499,1.501,1.509,1.494,34888900.0
2021-10-26 15:00:00,1.498,1.499,1.503,1.484,30461700.0
2021-10-27 15:00:00,1.492,1.468,1.493,1.465,28872100.0
2021-10-28 15:00:00,1.43,1.447,1.46,1.42,46964300.0
2021-10-29 15:00:00,1.452,1.44,1.459,1.437,33311600.0
2021-11-01 15:00:00,1.449,1.458,1.472,1.449,30247200.0
2021-11-02 15:00:00,1.466,1.446,1.474,1.436,38692200.0
2021-11-03 15:00:00,1.45,1.473,1.476,1.445,29936900.0
2021-11-04 15:00:00,1.461,1.453,1.465,1.446,26528400.0
2021-11-05 15:00:00,1.431,1.417,1.431,1.411,37536700.0
2021-11-08 15:00:00,1.419,1.426,1.431,1.419,22544200.0
2021-11-09 15:00:00,1.436,1.437,1.438,1.431,18905800.0
2021-11-10 15:00:00,1.424,1.429,1.433,1.42,22356700.0
2021-11-11 15:00:00,1.434,1.454,1.459,1.431,27862300.0
2021-11-12 15:00:00,1.463,1.455,1.467,1.455,28979900.0
2021-11-15 15:00:00,1.458,1.442,1.458,1.442,27786100.0
2021-11-16 15:00:00,1.439,1.426,1.447,1.422,20270800.0
2021-11-17 15:00:00,1.421,1.42,1.423,1.414,24936400.0
2021-11-18 15:00:00,1.412,1.401,1.412,1.4,27954600.0
2021-11-19 15:00:00,1.413,1.44,1.444,1.413,36598300.0
2021-11-22 15:00:00,1.447,1.443,1.448,1.439,21438200.0
2021-11-23 15:00:00,1.46,1.457,1.468,1.454,21672600.0
2021-11-24 15:00:00,1.464,1.471,1.471,1.461,18925000.0
2021-11-25 15:00:00,1.481,1.493,1.495,1.481,29430000.0
2021-11-26 15:00:00,1.484,1.455,1.485,1.454,34696600.0
2021-11-29 15:00:00,1.443,1.453,1.458,1.438,22452900.0
2021-11-30 15:00:00,1.451,1.439,1.453,1.433,28716000.0
2021-12-01 15:00:00,1.439,1.445,1.45,1.435,14606600.0
2021-12-02 15:00:00,1.435,1.43,1.441,1.43,17167600.0
2021-12-03 15:00:00,1.432,1.442,1.45,1.432,25288300.0
2021-12-06 15:00:00,1.437,1.421,1.438,1.415,20985500.0
2021-12-07 15:00:00,1.426,1.442,1.445,1.426,30969400.0
2021-12-08 15:00:00,1.446,1.448,1.45,1.441,27281900.0
2021-12-09 15:00:00,1.448,1.448,1.455,1.447,22979200.0
2021-12-10 15:00:00,1.445,1.45,1.451,1.445,16354500.0
2021-12-13 15:00:00,1.448,1.454,1.454,1.441,24868700.0
2021-12-14 15:00:00,1.445,1.444,1.449,1.437,16754000.0
2021-12-15 15:00:00,1.44,1.425,1.44,1.425,20967800.0
2021-12-16 15:00:00,1.424,1.431,1.434,1.424,15570700.0
2021-12-17 15:00:00,1.454,1.459,1.459,1.45,18337200.0
2021-12-20 15:00:00,1.455,1.435,1.455,1.435,16712300.0
2021-12-21 15:00:00,1.443,1.454,1.455,1.443,15541700.0
2021-12-22 15:00:00,1.459,1.462,1.464,1.454,34346200.0
2021-12-23 15:00:00,1.47,1.479,1.48,1.469,21162900.0
2021-12-24 15:00:00,1.486,1.479,1.487,1.474,12828900.0
2021-12-27 15:00:00,1.476,1.466,1.479,1.466,25821000.0
2021-12-28 15:00:00,1.472,1.48,1.482,1.472,19414700.0
2021-12-29 15:00:00,1.483,1.476,1.483,1.467,13357600.0
2021-12-30 15:00:00,1.48,1.485,1.492,1.479,23058500.0
2021-12-31 15:00:00,1.488,1.492,1.496,1.48,17862700.0
2022-01-04 15:00:00,1.49,1.474,1.49,1.473,14559300.0
2022-01-05 15:00:00,1.494,1.486,1.497,1.482,15827700.0
2022-01-06 15:00:00,1.465,1.479,1.486,1.465,12769900.0
2022-01-07 15:00:00,1.482,1.488,1.495,1.48,17856500.0
2022-01-10 15:00:00,1.488,1.493,1.495,1.486,27294600.0
2022-01-11 15:00:00,1.49,1.497,1.498,1.487,45546600.0
2022-01-12 15:00:00,1.505,1.531,1.535,1.505,32596950.0
2022-01-13 15:00:00,1.558,1.528,1.558,1.525,33275000.0
2022-01-14 15:00:00,1.523,1.536,1.537,1.521,25040700.0
2022-01-17 15:00:00,1.523,1.517,1.523,1.509,19997900.0
2022-01-18 15:00:00,1.521,1.531,1.532,1.52,22219100.0
2022-01-19 15:00:00,1.532,1.528,1.535,1.523,24249300.0
2022-01-20 15:00:00,1.55,1.571,1.572,1.537,20672300.0
2022-01-21 15:00:00,1.571,1.565,1.571,1.552,22319300.0
2022-01-24 15:00:00,1.568,1.555,1.569,1.552,19074500.0
2022-01-25 15:00:00,1.525,1.516,1.553,1.516,21274900.0
2022-01-26 15:00:00,1.54,1.539,1.54,1.527,29841400.0
2022-01-27 15:00:00,1.544,1.54,1.547,1.535,22149500.0
2022-01-28 15:00:00,1.545,1.542,1.547,1.537,22747400.0
2022-02-07 15:00:00,1.558,1.557,1.581,1.549,27615800.0
2022-02-08 15:00:00,1.556,1.565,1.57,1.556,28476000.0
2022-02-09 15:00:00,1.557,1.563,1.565,1.555,18823900.0
2022-02-10 15:00:00,1.591,1.608,1.61,1.589,32001800.0
2022-02-11 15:00:00,1.608,1.576,1.613,1.576,32400900.0
2022-02-14 15:00:00,1.598,1.58,1.598,1.571,28587000.0
2022-02-15 15:00:00,1.583,1.577,1.583,1.555,31035100.0
2022-02-16 15:00:00,1.579,1.579,1.581,1.573,19360700.0
2022-02-17 15:00:00,1.58,1.575,1.583,1.572,24802648.0
2022-02-18 15:00:00,1.579,1.6,1.601,1.579,27875350.0
2022-02-21 15:00:00,1.592,1.59,1.592,1.582,16049000.0
2022-02-22 15:00:00,1.608,1.593,1.608,1.59,26938032.0
2022-02-23 15:00:00,1.594,1.596,1.597,1.59,24090700.0
2022-02-24 15:00:00,1.59,1.607,1.608,1.59,44435200.0
2022-02-25 15:00:00,1.605,1.585,1.605,1.58,32663100.0
2022-02-28 15:00:00,1.595,1.588,1.595,1.584,39640800.0
2022-03-01 15:00:00,1.589,1.592,1.592,1.583,23585800.0
2022-03-02 15:00:00,1.599,1.607,1.608,1.599,25998300.0
2022-03-03 15:00:00,1.617,1.64,1.642,1.617,40361300.0
2022-03-04 15:00:00,1.641,1.641,1.65,1.634,36043200.0
2022-03-07 15:00:00,1.682,1.72,1.732,1.682,57904600.0
2022-03-08 15:00:00,1.721,1.82,1.856,1.721,91602096.0
2022-03-09 15:00:00,1.825,1.758,1.95,1.638,83391000.0
2022-03-10 15:00:00,1.65,1.659,1.7,1.65,39273600.0
2022-03-11 15:00:00,1.65,1.664,1.672,1.643,37315700.0
2022-03-14 15:00:00,1.647,1.64,1.664,1.635,24639700.0
2022-03-15 15:00:00,1.638,1.615,1.645,1.614,20359700.0
2022-03-16 15:00:00,1.64,1.665,1.69,1.632,30126100.0
2022-03-17 15:00:00,1.665,1.653,1.665,1.647,22795400.0
2022-03-18 15:00:00,1.661,1.687,1.696,1.659,38682500.0
2022-03-21 15:00:00,1.73,1.671,1.73,1.67,24766700.0
2022-03-22 15:00:00,1.655,1.668,1.678,1.655,20605800.0
2022-03-23 15:00:00,1.66,1.673,1.673,1.66,17141700.0
2022-03-24 15:00:00,1.766,1.742,1.766,1.721,30658000.0
2022-03-25 15:00:00,1.742,1.753,1.76,1.728,45597100.0
2022-03-28 15:00:00,1.729,1.729,1.733,1.705,35412600.0
2022-03-29 15:00:00,1.729,1.721,1.738,1.717,34635664.0
2022-03-30 15:00:00,1.711,1.732,1.735,1.705,51270600.0
2022-03-31 15:00:00,1.742,1.708,1.742,1.699,50233500.0
2022-04-01 15:00:00,1.71,1.697,1.713,1.694,35027500.0
2022-04-06 15:00:00,1.697,1.718,1.719,1.697,39136600.0
2022-04-07 15:00:00,1.709,1.689,1.709,1.689,26159500.0
2022-04-08 15:00:00,1.688,1.696,1.7,1.685,23182700.0
2022-04-11 15:00:00,1.677,1.667,1.68,1.667,27763700.0
2022-04-12 15:00:00,1.666,1.675,1.677,1.665,21227100.0
2022-04-13 15:00:00,1.675,1.692,1.704,1.673,42858400.0
2022-04-14 15:00:00,1.699,1.713,1.715,1.698,56583000.0
2022-04-15 15:00:00,1.713,1.727,1.728,1.713,43010000.0
2022-04-18 15:00:00,1.732,1.734,1.74,1.724,35203400.0
2022-04-19 15:00:00,1.756,1.745,1.766,1.745,48752000.0
2022-04-20 15:00:00,1.74,1.732,1.75,1.73,55828400.0
2022-04-21 15:00:00,1.736,1.731,1.743,1.729,36015600.0
2022-04-22 15:00:00,1.741,1.744,1.747,1.738,34316500.0
2022-04-25 15:00:00,1.702,1.672,1.702,1.671,58023900.0
2022-04-26 15:00:00,1.667,1.685,1.697,1.667,40624600.0
2022-04-27 15:00:00,1.684,1.691,1.694,1.68,57140200.0
2022-04-28 15:00:00,1.68,1.691,1.695,1.68,41379800.0
2022-04-29 15:00:00,1.698,1.703,1.713,1.689,53661200.0
2022-05-05 15:00:00,1.693,1.68,1.693,1.679,36232100.0
2022-05-06 15:00:00,1.655,1.647,1.663,1.647,24758300.0
2022-05-09 15:00:00,1.637,1.614,1.637,1.609,38603200.0
2022-05-10 15:00:00,1.57,1.594,1.601,1.569,34534600.0
2022-05-11 15:00:00,1.591,1.589,1.597,1.579,41669600.0
2022-05-12 15:00:00,1.598,1.561,1.598,1.557,36959400.0
2022-05-13 15:00:00,1.574,1.577,1.578,1.564,36589300.0
2022-05-16 15:00:00,1.583,1.58,1.587,1.574,39664100.0
2022-05-17 15:00:00,1.584,1.575,1.586,1.571,59933000.0
2022-05-18 15:00:00,1.575,1.557,1.576,1.557,32356100.0
2022-05-19 15:00:00,1.56,1.58,1.583,1.56,52664100.0
2022-05-20 15:00:00,1.614,1.597,1.614,1.589,56034500.0
2022-05-23 15:00:00,1.608,1.593,1.608,1.589,31855700.0
2022-05-24 15:00:00,1.595,1.581,1.597,1.578,32277700.0
2022-05-25 15:00:00,1.577,1.579,1.585,1.572,35998000.0
2022-05-26 15:00:00,1.579,1.558,1.579,1.558,39064700.0
2022-05-27 15:00:00,1.58,1.595,1.599,1.579,48399800.0
2022-05-30 15:00:00,1.621,1.624,1.625,1.616,33693300.0
2022-05-31 15:00:00,1.625,1.627,1.63,1.623,34583900.0
2022-06-01 15:00:00,1.621,1.609,1.621,1.6,31631300.0
2022-06-02 15:00:00,1.61,1.62,1.623,1.61,40310700.0
2022-06-06 15:00:00,1.627,1.624,1.634,1.621,46943400.0
2022-06-07 15:00:00,1.636,1.624,1.636,1.623,36545000.0
2022-06-08 15:00:00,1.625,1.65,1.65,1.625,38201500.0
2022-06-09 15:00:00,1.654,1.642,1.655,1.64,35989200.0
2022-06-10 15:00:00,1.643,1.633,1.643,1.625,28288300.0
2022-06-13 15:00:00,1.628,1.598,1.628,1.594,42953600.0
2022-06-14 15:00:00,1.575,1.58,1.581,1.569,31147600.0
2022-06-15 15:00:00,1.569,1.569,1.579,1.563,38899700.0
2022-06-16 15:00:00,1.59,1.574,1.595,1.572,41073000.0
2022-06-17 15:00:00,1.56,1.549,1.561,1.542,34361300.0
2022-06-20 15:00:00,1.535,1.516,1.541,1.514,38232600.0
2022-06-21 15:00:00,1.531,1.522,1.54,1.518,60820100.0
2022-06-22 15:00:00,1.524,1.495,1.525,1.491,67773200.0
2022-06-23 15:00:00,1.491,1.479,1.491,1.462,74145296.0
2022-06-24 15:00:00,1.455,1.412,1.46,1.41,97927400.0
2022-06-27 15:00:00,1.426,1.433,1.444,1.424,75242400.0
2022-06-28 15:00:00,1.439,1.454,1.454,1.424,79914000.0
2022-06-29 15:00:00,1.436,1.417,1.44,1.411,93209104.0
2022-06-30 15:00:00,1.432,1.43,1.442,1.427,64149800.0
2022-07-01 15:00:00,1.408,1.386,1.408,1.377,130307800.0
2022-07-04 15:00:00,1.373,1.375,1.384,1.372,89376400.0
2022-07-05 15:00:00,1.382,1.36,1.394,1.355,147075504.0
2022-07-06 15:00:00,1.338,1.323,1.338,1.289,121736096.0
2022-07-07 15:00:00,1.315,1.331,1.342,1.306,97061600.0
2022-07-08 15:00:00,1.344,1.328,1.349,1.326,71445504.0
2022-07-11 15:00:00,1.316,1.328,1.333,1.316,51069900.0
2022-07-12 15:00:00,1.327,1.32,1.348,1.32,85386704.0
2022-07-13 15:00:00,1.311,1.304,1.319,1.292,87893000.0
2022-07-14 15:00:00,1.304,1.272,1.304,1.271,122573800.0
2022-07-15 15:00:00,1.257,1.222,1.257,1.22,96921504.0
2022-07-18 15:00:00,1.26,1.28,1.281,1.252,99237400.0
2022-07-19 15:00:00,1.286,1.273,1.287,1.269,112458096.0
2022-07-20 15:00:00,1.279,1.3,1.311,1.279,134883904.0
2022-07-21 15:00:00,1.303,1.308,1.31,1.295,88582800.0
2022-07-22 15:00:00,1.305,1.313,1.318,1.303,76032096.0
2022-07-25 15:00:00,1.324,1.311,1.329,1.308,55261900.0
2022-07-26 15:00:00,1.327,1.359,1.36,1.322,120685904.0
2022-07-27 15:00:00,1.343,1.345,1.35,1.33,82620496.0
2022-07-28 15:00:00,1.365,1.375,1.375,1.358,59609100.0
2022-07-29 15:00:00,1.375,1.378,1.38,1.366,56626000.0
2022-08-01 15:00:00,1.391,1.397,1.403,1.389,103531904.0
2022-08-02 15:00:00,1.386,1.376,1.386,1.359,88541904.0
2022-08-03 15:00:00,1.37,1.369,1.382,1.365,65943900.0
2022-08-04 15:00:00,1.367,1.351,1.37,1.35,70728400.0
2022-08-05 15:00:00,1.376,1.392,1.397,1.376,75842600.0
2022-08-08 15:00:00,1.389,1.387,1.39,1.38,61099200.0
2022-08-09 15:00:00,1.385,1.385,1.389,1.376,34379000.0
2022-08-10 15:00:00,1.392,1.386,1.399,1.379,46783400.0
2022-08-11 15:00:00,1.402,1.42,1.426,1.402,64695100.0
2022-08-12 15:00:00,1.429,1.433,1.438,1.425,50542600.0
2022-08-15 15:00:00,1.419,1.398,1.419,1.395,60304700.0
2022-08-16 15:00:00,1.397,1.406,1.413,1.394,53185600.0
2022-08-17 15:00:00,1.413,1.406,1.417,1.404,64784800.0
2022-08-18 15:00:00,1.402,1.389,1.409,1.387,53939400.0
2022-08-19 15:00:00,1.399,1.398,1.408,1.395,52213300.0
2022-08-22 15:00:00,1.419,1.421,1.426,1.418,44565400.0
2022-08-23 15:00:00,1.425,1.426,1.431,1.421,43397800.0
2022-08-24 15:00:00,1.428,1.431,1.431,1.422,54444400.0
2022-08-25 15:00:00,1.43,1.438,1.439,1.424,45780700.0
2022-08-26 15:00:00,1.439,1.444,1.446,1.438,34658100.0
2022-08-29 15:00:00,1.427,1.414,1.43,1.409,51575200.0
2022-08-30 15:00:00,1.412,1.403,1.415,1.398,34046600.0
2022-08-31 15:00:00,1.4,1.406,1.413,1.395,40703400.0
2022-09-01 15:00:00,1.401,1.368,1.401,1.363,68064800.0
2022-09-02 15:00:00,1.351,1.348,1.367,1.339,41735300.0
2022-09-05 15:00:00,1.353,1.376,1.378,1.353,54718300.0
2022-09-06 15:00:00,1.392,1.396,1.397,1.385,43004800.0
2022-09-07 15:00:00,1.383,1.374,1.39,1.374,43698200.0
2022-09-08 15:00:00,1.382,1.39,1.398,1.382,46736100.0
2022-09-09 15:00:00,1.414,1.435,1.436,1.412,67160400.0
2022-09-13 15:00:00,1.454,1.444,1.454,1.437,51961700.0
2022-09-14 15:00:00,1.422,1.432,1.436,1.418,40893500.0
2022-09-15 15:00:00,1.445,1.437,1.45,1.432,51239400.0
2022-09-16 15:00:00,1.442,1.425,1.442,1.423,30081200.0
2022-09-19 15:00:00,1.433,1.425,1.446,1.423,52410900.0
2022-09-20 15:00:00,1.437,1.439,1.448,1.436,44401200.0
2022-09-21 15:00:00,1.443,1.457,1.46,1.439,47566300.0
2022-09-22 15:00:00,1.453,1.453,1.461,1.443,43779700.0
2022-09-23 15:00:00,1.451,1.441,1.453,1.44,29592600.0
2022-09-26 15:00:00,1.412,1.401,1.42,1.4,38756800.0
2022-09-27 15:00:00,1.406,1.414,1.418,1.398,37158600.0
2022-09-28 15:00:00,1.402,1.389,1.402,1.386,35510800.0
2022-09-29 15:00:00,1.412,1.402,1.416,1.398,31002200.0
2022-09-30 15:00:00,1.406,1.41,1.412,1.404,40107900.0
2022-10-10 15:00:00,1.403,1.411,1.414,1.402,35992000.0
2022-10-11 15:00:00,1.428,1.425,1.435,1.423,38597700.0
2022-10-12 15:00:00,1.423,1.425,1.426,1.414,30095500.0
2022-10-13 15:00:00,1.431,1.419,1.433,1.418,23684200.0
2022-10-14 15:00:00,1.432,1.448,1.449,1.432,34282000.0
2022-10-17 15:00:00,1.445,1.432,1.445,1.426,24958100.0
2022-10-18 15:00:00,1.432,1.428,1.433,1.422,29099200.0
2022-10-19 15:00:00,1.428,1.421,1.433,1.42,28882700.0
2022-10-20 15:00:00,1.425,1.432,1.435,1.424,32497000.0
2022-10-21 15:00:00,1.449,1.426,1.449,1.426,37409600.0
2022-10-24 15:00:00,1.447,1.446,1.454,1.443,27675600.0
2022-10-25 15:00:00,1.448,1.454,1.454,1.444,21839500.0
2022-10-26 15:00:00,1.454,1.453,1.464,1.449,28455100.0
2022-10-27 15:00:00,1.46,1.455,1.461,1.453,26324100.0
2022-10-28 15:00:00,1.452,1.429,1.452,1.427,25986300.0
2022-10-31 15:00:00,1.427,1.404,1.427,1.401,40755000.0
2022-11-01 15:00:00,1.421,1.433,1.437,1.419,29609200.0
2022-11-02 15:00:00,1.446,1.439,1.448,1.435,25759500.0
2022-11-03 15:00:00,1.441,1.438,1.442,1.433,28471800.0
2022-11-04 15:00:00,1.435,1.456,1.461,1.435,39562900.0
2022-11-07 15:00:00,1.472,1.478,1.479,1.467,45722000.0
2022-11-08 15:00:00,1.472,1.483,1.484,1.47,25918700.0
2022-11-09 15:00:00,1.5,1.505,1.505,1.49,43851400.0
2022-11-10 15:00:00,1.503,1.509,1.514,1.5,40458900.0
2022-11-11 15:00:00,1.552,1.547,1.57,1.539,80180896.0
2022-11-14 15:00:00,1.546,1.528,1.547,1.523,64275600.0
2022-11-15 15:00:00,1.532,1.546,1.551,1.532,57488100.0
2022-11-16 15:00:00,1.545,1.546,1.548,1.535,27719600.0
2022-11-17 15:00:00,1.534,1.538,1.54,1.525,23952900.0
2022-11-18 15:00:00,1.53,1.529,1.534,1.521,30411000.0
2022-11-21 15:00:00,1.515,1.507,1.515,1.498,20880400.0
2022-11-22 15:00:00,1.498,1.5,1.511,1.498,28161600.0
2022-11-23 15:00:00,1.515,1.511,1.517,1.505,33404400.0
2022-11-24 15:00:00,1.53,1.521,1.53,1.519,35781000.0
2022-11-25 15:00:00,1.522,1.524,1.528,1.52,34562600.0
2022-11-28 15:00:00,1.504,1.501,1.504,1.494,28326400.0
2022-11-29 15:00:00,1.517,1.524,1.537,1.515,54471500.0
2022-11-30 15:00:00,1.524,1.522,1.529,1.518,31033900.0
2022-12-01 15:00:00,1.545,1.546,1.551,1.541,29521300.0
2022-12-02 15:00:00,1.543,1.555,1.556,1.542,36980000.0
2022-12-05 15:00:00,1.57,1.571,1.578,1.565,32671100.0
2022-12-06 15:00:00,1.567,1.563,1.568,1.56,19009700.0
2022-12-07 15:00:00,1.562,1.555,1.57,1.55,31019000.0
2022-12-08 15:00:00,1.578,1.581,1.581,1.56,22842800.0
2022-12-09 15:00:00,1.582,1.598,1.598,1.582,28666800.0
2022-12-12 15:00:00,1.565,1.569,1.574,1.565,29010500.0
2022-12-13 15:00:00,1.576,1.579,1.583,1.574,19903900.0
2022-12-14 15:00:00,1.578,1.581,1.581,1.575,16854600.0
2022-12-15 15:00:00,1.581,1.569,1.581,1.562,25356600.0
2022-12-16 15:00:00,1.565,1.55,1.565,1.55,34681700.0
2022-12-19 15:00:00,1.552,1.541,1.562,1.539,32197200.0
2022-12-20 15:00:00,1.539,1.542,1.55,1.528,31537600.0
2022-12-21 15:00:00,1.549,1.555,1.561,1.547,21743600.0
2022-12-22 15:00:00,1.564,1.561,1.572,1.559,15480600.0
2022-12-23 15:00:00,1.561,1.558,1.561,1.554,16044500.0
2022-12-26 15:00:00,1.555,1.567,1.568,1.555,22284800.0
2022-12-27 15:00:00,1.575,1.595,1.596,1.573,67375800.0
2022-12-28 15:00:00,1.595,1.601,1.604,1.595,28399800.0
2022-12-29 15:00:00,1.595,1.594,1.596,1.588,31164900.0
2022-12-30 15:00:00,1.593,1.598,1.6,1.59,21048500.0
2023-01-03 15:00:00,1.597,1.584,1.597,1.573,47369600.0
2023-01-04 15:00:00,1.583,1.562,1.584,1.562,62584700.0
2023-01-05 15:00:00,1.551,1.553,1.555,1.544,35572200.0
2023-01-06 15:00:00,1.552,1.546,1.562,1.539,61223400.0
2023-01-09 15:00:00,1.559,1.556,1.559,1.549,61693200.0
2023-01-10 15:00:00,1.557,1.556,1.558,1.55,65171800.0
2023-01-11 15:00:00,1.566,1.586,1.587,1.566,55802000.0
2023-01-12 15:00:00,1.6,1.588,1.603,1.581,48293600.0
2023-01-13 15:00:00,1.593,1.602,1.608,1.593,30793000.0
2023-01-16 15:00:00,1.602,1.598,1.61,1.593,53337000.0
2023-01-17 15:00:00,1.598,1.596,1.603,1.593,23518700.0
2023-01-18 15:00:00,1.604,1.625,1.626,1.604,41846100.0
2023-01-19 15:00:00,1.621,1.631,1.631,1.619,33540800.0
2023-01-20 15:00:00,1.635,1.656,1.659,1.635,29333100.0
2023-01-30 15:00:00,1.659,1.645,1.665,1.642,44011000.0
2023-01-31 15:00:00,1.645,1.642,1.65,1.638,24805800.0
2023-02-01 15:00:00,1.65,1.657,1.659,1.65,26654976.0
2023-02-02 15:00:00,1.651,1.635,1.651,1.631,50749700.0
2023-02-03 15:00:00,1.631,1.636,1.639,1.627,35610400.0
2023-02-06 15:00:00,1.621,1.611,1.622,1.601,39839000.0
2023-02-07 15:00:00,1.598,1.604,1.605,1.596,40521300.0
2023-02-08 15:00:00,1.609,1.619,1.62,1.609,40712532.0
2023-02-09 15:00:00,1.602,1.608,1.61,1.6,47984800.0
2023-02-10 15:00:00,1.616,1.606,1.617,1.598,52593100.0
2023-02-13 15:00:00,1.596,1.593,1.596,1.585,57532600.0
2023-02-14 15:00:00,1.595,1.596,1.597,1.59,46729900.0
2023-02-15 15:00:00,1.6,1.577,1.601,1.572,77256600.0
2023-02-16 15:00:00,1.577,1.578,1.582,1.572,57081300.0
2023-02-17 15:00:00,1.585,1.578,1.59,1.576,57447500.0
2023-02-20 15:00:00,1.578,1.592,1.592,1.578,49467600.0
2023-02-21 15:00:00,1.606,1.614,1.614,1.606,43595800.0
2023-02-22 15:00:00,1.62,1.616,1.625,1.615,62005488.0
2023-02-23 15:00:00,1.615,1.61,1.616,1.606,50154400.0
2023-02-24 15:00:00,1.595,1.597,1.599,1.587,72229400.0
2023-02-27 15:00:00,1.586,1.565,1.586,1.563,54590100.0
2023-02-28 15:00:00,1.573,1.578,1.579,1.571,42118900.0
2023-03-01 15:00:00,1.577,1.594,1.594,1.573,56285100.0
2023-03-02 15:00:00,1.589,1.58,1.589,1.579,53275800.0
2023-03-03 15:00:00,1.579,1.575,1.579,1.564,63715700.0
2023-03-06 15:00:00,1.579,1.568,1.58,1.564,54139700.0
2023-03-07 15:00:00,1.568,1.572,1.579,1.568,37163100.0
2023-03-08 15:00:00,1.564,1.559,1.566,1.558,45420200.0
2023-03-09 15:00:00,1.565,1.558,1.565,1.555,31461100.0
2023-03-10 15:00:00,1.554,1.531,1.554,1.531,57966200.0
2023-03-13 15:00:00,1.528,1.538,1.54,1.521,44916700.0
2023-03-14 15:00:00,1.537,1.522,1.537,1.521,40889400.0
2023-03-15 15:00:00,1.527,1.526,1.534,1.525,23770700.0
2023-03-16 15:00:00,1.509,1.487,1.509,1.483,59633800.0
2023-03-17 15:00:00,1.499,1.503,1.508,1.498,39757200.0
2023-03-20 15:00:00,1.511,1.494,1.517,1.491,50855100.0
2023-03-21 15:00:00,1.505,1.504,1.507,1.498,46005100.0
2023-03-22 15:00:00,1.507,1.518,1.519,1.505,37772400.0
2023-03-23 15:00:00,1.521,1.515,1.523,1.513,34651700.0
2023-03-24 15:00:00,1.531,1.553,1.555,1.518,67162536.0
2023-03-27 15:00:00,1.553,1.545,1.557,1.541,52360100.0
2023-03-28 15:00:00,1.555,1.555,1.562,1.553,41098900.0
2023-03-29 15:00:00,1.559,1.555,1.564,1.551,36601144.0
2023-03-30 15:00:00,1.548,1.559,1.561,1.543,44152400.0
2023-03-31 15:00:00,1.564,1.555,1.564,1.552,45317200.0
2023-04-03 15:00:00,1.553,1.551,1.557,1.549,35023800.0
2023-04-04 15:00:00,1.551,1.546,1.551,1.543,30429800.0
2023-04-06 15:00:00,1.543,1.525,1.543,1.523,52825700.0
2023-04-07 15:00:00,1.527,1.537,1.538,1.526,29226800.0
2023-04-10 15:00:00,1.531,1.528,1.532,1.526,26731600.0
2023-04-11 15:00:00,1.525,1.532,1.534,1.515,35428500.0
2023-04-12 15:00:00,1.531,1.533,1.537,1.531,27863000.0
2023-04-13 15:00:00,1.54,1.541,1.544,1.537,30325500.0
2023-04-14 15:00:00,1.548,1.568,1.568,1.548,50667500.0
2023-04-17 15:00:00,1.571,1.599,1.599,1.571,67126896.0
2023-04-18 15:00:00,1.608,1.592,1.608,1.586,58831100.0
2023-04-19 15:00:00,1.598,1.586,1.603,1.583,54270300.0
2023-04-20 15:00:00,1.587,1.589,1.596,1.586,53871000.0
2023-04-21 15:00:00,1.582,1.564,1.582,1.559,55965400.0
2023-04-24 15:00:00,1.555,1.549,1.559,1.549,70563104.0
2023-04-25 15:00:00,1.555,1.549,1.557,1.546,39594400.0
2023-04-26 15:00:00,1.547,1.533,1.547,1.528,50875000.0
2023-04-27 15:00:00,1.53,1.519,1.53,1.515,48733100.0
2023-04-28 15:00:00,1.523,1.537,1.539,1.523,29658600.0
2023-05-04 15:00:00,1.537,1.534,1.543,1.529,42543700.0
2023-05-05 15:00:00,1.518,1.526,1.532,1.515,31325700.0
2023-05-08 15:00:00,1.526,1.539,1.539,1.526,36410900.0
2023-05-09 15:00:00,1.532,1.528,1.537,1.527,40619324.0
2023-05-10 15:00:00,1.531,1.528,1.534,1.524,21166700.0
2023-05-11 15:00:00,1.512,1.494,1.516,1.494,32075200.0
2023-05-12 15:00:00,1.485,1.467,1.485,1.466,36985500.0
2023-05-15 15:00:00,1.472,1.479,1.479,1.465,43605200.0
2023-05-16 15:00:00,1.48,1.464,1.481,1.461,41866600.0
2023-05-17 15:00:00,1.464,1.47,1.471,1.458,37317600.0
2023-05-18 15:00:00,1.478,1.489,1.489,1.478,18724400.0
2023-05-19 15:00:00,1.474,1.484,1.484,1.464,21194500.0
2023-05-22 15:00:00,1.474,1.464,1.477,1.459,64679700.0
2023-05-23 15:00:00,1.467,1.452,1.473,1.451,72582400.0
2023-05-24 15:00:00,1.45,1.44,1.452,1.435,20331400.0
2023-05-25 15:00:00,1.436,1.44,1.445,1.427,54170900.0
2023-05-26 15:00:00,1.441,1.457,1.458,1.435,38926300.0
2023-05-29 15:00:00,1.46,1.469,1.47,1.452,42409000.0
2023-05-30 15:00:00,1.474,1.465,1.478,1.458,39068300.0
2023-05-31 15:00:00,1.458,1.456,1.465,1.45,31970800.0
2023-06-01 15:00:00,1.465,1.476,1.476,1.457,41495000.0
2023-06-02 15:00:00,1.483,1.485,1.49,1.475,46051700.0
2023-06-05 15:00:00,1.479,1.463,1.479,1.46,35146100.0
2023-06-06 15:00:00,1.47,1.472,1.485,1.47,32746800.0
2023-06-07 15:00:00,1.48,1.475,1.487,1.472,20238800.0
2023-06-08 15:00:00,1.486,1.479,1.488,1.476,26598300.0
2023-06-09 15:00:00,1.488,1.504,1.506,1.488,11340900.0
2023-06-12 15:00:00,1.503,1.49,1.503,1.485,21622900.0
2023-06-13 15:00:00,1.489,1.497,1.497,1.486,18976700.0
2023-06-14 15:00:00,1.505,1.514,1.52,1.501,16821976.0
2023-06-15 15:00:00,1.522,1.522,1.525,1.516,15492173.0
2023-06-16 15:00:00,1.535,1.545,1.548,1.534,17506848.0
2023-06-19 15:00:00,1.543,1.531,1.543,1.528,14700700.0
2023-06-20 15:00:00,1.533,1.53,1.536,1.528,15364817.0
2023-06-21 15:00:00,1.532,1.533,1.543,1.53,29255056.0
2023-06-26 15:00:00,1.517,1.512,1.528,1.5,22037800.0
2023-06-27 15:00:00,1.51,1.515,1.519,1.507,10669100.0
2023-06-28 15:00:00,1.515,1.51,1.518,1.509,14477000.0
2023-06-29 15:00:00,1.51,1.502,1.51,1.498,15151978.0
2023-06-30 15:00:00,1.5,1.511,1.515,1.497,23472900.0
2023-07-03 15:00:00,1.52,1.526,1.534,1.516,30145100.0
2023-07-04 15:00:00,1.527,1.525,1.555,1.52,31092500.0
2023-07-05 15:00:00,1.526,1.519,1.526,1.517,14064100.0
2023-07-06 15:00:00,1.532,1.538,1.542,1.53,34829100.0
2023-07-07 15:00:00,1.544,1.527,1.544,1.526,21081800.0
2023-07-10 15:00:00,1.526,1.523,1.529,1.521,24972500.0
2023-07-11 15:00:00,1.532,1.535,1.537,1.53,22587900.0
2023-07-12 15:00:00,1.535,1.534,1.536,1.527,22253500.0
2023-07-13 15:00:00,1.546,1.554,1.555,1.546,24197900.0
2023-07-14 15:00:00,1.562,1.557,1.567,1.554,31052000.0
2023-07-17 15:00:00,1.564,1.547,1.564,1.547,26055700.0
2023-07-18 15:00:00,1.548,1.548,1.551,1.545,23886000.0
2023-07-19 15:00:00,1.55,1.547,1.552,1.543,16292600.0
2023-07-20 15:00:00,1.551,1.557,1.559,1.546,24153700.0
2023-07-21 15:00:00,1.553,1.561,1.564,1.55,25181600.0
2023-07-24 15:00:00,1.555,1.55,1.56,1.549,17057100.0
2023-07-25 15:00:00,1.56,1.571,1.572,1.556,18373600.0
2023-07-26 15:00:00,1.573,1.578,1.578,1.573,20312400.0
2023-07-27 15:00:00,1.585,1.576,1.594,1.573,20911200.0
2023-07-28 15:00:00,1.574,1.582,1.582,1.566,20381300.0
2023-07-31 15:00:00,1.583,1.584,1.596,1.581,23363100.0
2023-08-01 15:00:00,1.592,1.595,1.601,1.59,27132000.0
2023-08-02 15:00:00,1.598,1.584,1.598,1.578,22173200.0
2023-08-03 15:00:00,1.572,1.572,1.58,1.571,18636000.0
2023-08-04 15:00:00,1.579,1.576,1.584,1.576,16189400.0
2023-08-07 15:00:00,1.576,1.57,1.576,1.567,27083300.0
2023-08-08 15:00:00,1.569,1.565,1.57,1.564,13830900.0
2023-08-09 15:00:00,1.56,1.561,1.564,1.555,20165000.0
2023-08-10 15:00:00,1.561,1.556,1.561,1.552,15899300.0
2023-08-11 15:00:00,1.553,1.55,1.556,1.549,18391500.0
2023-08-14 15:00:00,1.549,1.534,1.55,1.534,16693900.0
2023-08-15 15:00:00,1.531,1.544,1.547,1.53,12341800.0
2023-08-16 15:00:00,1.532,1.525,1.533,1.525,21420800.0
2023-08-17 15:00:00,1.526,1.535,1.54,1.522,28825000.0
2023-08-18 15:00:00,1.54,1.538,1.543,1.535,22385200.0
2023-08-21 15:00:00,1.545,1.55,1.553,1.54,29407800.0
2023-08-22 15:00:00,1.552,1.559,1.562,1.552,38295600.0
2023-08-23 15:00:00,1.564,1.567,1.569,1.559,27973900.0
2023-08-24 15:00:00,1.571,1.561,1.574,1.561,20097800.0
2023-08-25 15:00:00,1.565,1.563,1.566,1.559,45052500.0
2023-08-28 15:00:00,1.598,1.558,1.606,1.553,65661400.0
2023-08-29 15:00:00,1.561,1.564,1.566,1.558,32238500.0
2023-08-30 15:00:00,1.57,1.57,1.571,1.565,26810600.0
2023-08-31 15:00:00,1.576,1.572,1.577,1.568,36813600.0
2023-09-01 15:00:00,1.576,1.593,1.593,1.575,34227900.0
2023-09-04 15:00:00,1.597,1.587,1.598,1.585,37679400.0
2023-09-05 15:00:00,1.59,1.591,1.598,1.588,39463100.0
2023-09-06 15:00:00,1.592,1.598,1.601,1.592,34770200.0
2023-09-07 15:00:00,1.597,1.591,1.597,1.584,49064300.0
2023-09-08 15:00:00,1.589,1.579,1.589,1.577,25857100.0
2023-09-11 15:00:00,1.573,1.585,1.588,1.573,53868300.0
2023-09-12 15:00:00,1.592,1.582,1.592,1.581,58183100.0
2023-09-13 15:00:00,1.583,1.575,1.583,1.574,21602000.0
2023-09-14 15:00:00,1.58,1.589,1.59,1.578,30890700.0
2023-09-15 15:00:00,1.596,1.595,1.603,1.589,54421100.0
2023-09-18 15:00:00,1.59,1.594,1.594,1.584,37451300.0
2023-09-19 15:00:00,1.588,1.578,1.592,1.578,38468700.0
2023-09-20 15:00:00,1.582,1.586,1.588,1.581,30471600.0
2023-09-21 15:00:00,1.58,1.571,1.581,1.57,42392200.0
2023-09-22 15:00:00,1.563,1.573,1.574,1.561,32431200.0
2023-09-25 15:00:00,1.575,1.57,1.579,1.568,14917000.0
2023-09-26 15:00:00,1.568,1.559,1.573,1.559,24868900.0
2023-09-27 15:00:00,1.558,1.551,1.559,1.55,27456200.0
2023-09-28 15:00:00,1.561,1.55,1.561,1.549,14957000.0
2023-10-09 15:00:00,1.545,1.55,1.55,1.543,28225100.0
2023-10-10 15:00:00,1.546,1.526,1.549,1.526,43028600.0
2023-10-11 15:00:00,1.53,1.535,1.535,1.529,16764900.0
2023-10-12 15:00:00,1.531,1.541,1.541,1.527,38932200.0
2023-10-13 15:00:00,1.527,1.533,1.539,1.525,30556700.0
2023-10-16 15:00:00,1.535,1.539,1.539,1.534,15831400.0
2023-10-17 15:00:00,1.529,1.524,1.53,1.523,32940200.0
2023-10-18 15:00:00,1.531,1.535,1.54,1.531,27235100.0
2023-10-19 15:00:00,1.53,1.532,1.536,1.53,33551800.0
2023-10-20 15:00:00,1.533,1.521,1.538,1.519,46310100.0
2023-10-23 15:00:00,1.517,1.517,1.524,1.516,36263200.0
2023-10-24 15:00:00,1.524,1.532,1.532,1.518,26963600.0
2023-10-25 15:00:00,1.542,1.538,1.542,1.535,29415900.0
2023-10-26 15:00:00,1.531,1.529,1.538,1.524,20213200.0
2023-10-27 15:00:00,1.517,1.531,1.531,1.517,20227800.0
2023-10-30 15:00:00,1.537,1.543,1.544,1.537,19095800.0
2023-10-31 15:00:00,1.543,1.538,1.543,1.531,26224500.0
2023-11-01 15:00:00,1.529,1.524,1.531,1.521,28051900.0
2023-11-02 15:00:00,1.531,1.531,1.535,1.527,30811000.0
2023-11-03 15:00:00,1.533,1.543,1.543,1.532,24984400.0
2023-11-06 15:00:00,1.537,1.539,1.54,1.534,29845100.0
2023-11-07 15:00:00,1.542,1.537,1.545,1.536,18735200.0
2023-11-08 15:00:00,1.54,1.539,1.54,1.532,37808700.0
2023-11-09 15:00:00,1.539,1.535,1.539,1.531,29396700.0
2023-11-10 15:00:00,1.536,1.532,1.538,1.531,27952300.0
2023-11-13 15:00:00,1.528,1.535,1.535,1.522,36183700.0
2023-11-14 15:00:00,1.538,1.534,1.539,1.531,28976500.0
2023-11-15 15:00:00,1.535,1.544,1.544,1.535,38194000.0
2023-11-16 15:00:00,1.545,1.543,1.546,1.538,22890700.0
2023-11-17 15:00:00,1.541,1.536,1.541,1.528,39244900.0
2023-11-20 15:00:00,1.535,1.531,1.535,1.528,35600700.0
2023-11-21 15:00:00,1.533,1.526,1.539,1.525,29287200.0
2023-11-22 15:00:00,1.526,1.514,1.526,1.513,49489444.0
2023-11-23 15:00:00,1.511,1.507,1.513,1.504,39223900.0
2023-11-24 15:00:00,1.509,1.514,1.514,1.509,27299900.0
2023-11-27 15:00:00,1.511,1.507,1.514,1.505,30441500.0
2023-11-28 15:00:00,1.508,1.508,1.509,1.495,47911800.0
2023-11-29 15:00:00,1.511,1.507,1.516,1.507,33631800.0
2023-11-30 15:00:00,1.507,1.51,1.51,1.505,36458000.0
2023-12-01 15:00:00,1.51,1.507,1.513,1.504,38540300.0
2023-12-04 15:00:00,1.513,1.508,1.52,1.507,35895000.0
2023-12-05 15:00:00,1.501,1.491,1.502,1.491,23963300.0
2023-12-06 15:00:00,1.491,1.502,1.504,1.488,24140800.0
2023-12-07 15:00:00,1.5,1.498,1.5,1.491,32780800.0
2023-12-08 15:00:00,1.5,1.506,1.507,1.499,28531400.0
2023-12-11 15:00:00,1.506,1.508,1.509,1.502,21259500.0
2023-12-12 15:00:00,1.505,1.508,1.51,1.501,32001500.0
2023-12-13 15:00:00,1.506,1.498,1.509,1.496,25064412.0
2023-12-14 15:00:00,1.509,1.512,1.512,1.503,39162500.0
2023-12-15 15:00:00,1.517,1.516,1.521,1.515,34402368.0
2023-12-18 15:00:00,1.517,1.524,1.525,1.516,31928072.0
2023-12-19 15:00:00,1.516,1.525,1.525,1.514,41744800.0
2023-12-20 15:00:00,1.526,1.529,1.532,1.525,30721598.0
2023-12-21 15:00:00,1.525,1.531,1.532,1.524,11925500.0
2023-12-22 15:00:00,1.54,1.534,1.544,1.532,25996000.0
2023-12-25 15:00:00,1.534,1.535,1.536,1.53,22899500.0
2023-12-26 15:00:00,1.535,1.537,1.54,1.535,23129522.0
2023-12-27 15:00:00,1.536,1.545,1.545,1.536,36441864.0
2023-12-28 15:00:00,1.554,1.546,1.555,1.543,72721240.0
2023-12-29 15:00:00,1.54,1.538,1.541,1.536,21629800.0
2024-01-02 15:00:00,1.535,1.544,1.544,1.531,29290400.0
2024-01-03 15:00:00,1.53,1.537,1.539,1.524,27000400.0
2024-01-04 15:00:00,1.536,1.525,1.536,1.524,33878712.0
2024-01-05 15:00:00,1.521,1.519,1.526,1.517,30798000.0
2024-01-08 15:00:00,1.519,1.521,1.521,1.514,24943400.0
2024-01-09 15:00:00,1.52,1.518,1.524,1.517,19350600.0
2024-01-10 15:00:00,1.511,1.513,1.518,1.511,34309300.0
2024-01-11 15:00:00,1.518,1.529,1.529,1.517,28217300.0
2024-01-12 15:00:00,1.526,1.523,1.527,1.522,14382500.0
2024-01-15 15:00:00,1.525,1.519,1.525,1.514,24528300.0
2024-01-16 15:00:00,1.517,1.517,1.52,1.514,12470500.0
2024-01-17 15:00:00,1.523,1.517,1.525,1.517,10978714.0
2024-01-18 15:00:00,1.499,1.514,1.516,1.499,25269200.0
2024-01-19 15:00:00,1.514,1.513,1.516,1.512,10288300.0
2024-01-22 15:00:00,1.515,1.512,1.519,1.511,14682200.0
2024-01-23 15:00:00,1.528,1.526,1.528,1.516,15071700.0
2024-01-24 15:00:00,1.532,1.535,1.535,1.526,21380000.0
2024-01-25 15:00:00,1.539,1.539,1.539,1.536,20378700.0
2024-01-26 15:00:00,1.546,1.54,1.551,1.539,53396404.0
2024-01-29 15:00:00,1.54,1.538,1.543,1.534,9169500.0
2024-01-30 15:00:00,1.542,1.534,1.542,1.532,27472100.0
2024-01-31 15:00:00,1.536,1.539,1.54,1.536,16624782.0
2024-02-01 15:00:00,1.534,1.53,1.537,1.528,26658200.0
2024-02-02 15:00:00,1.531,1.52,1.531,1.517,33151200.0
2024-02-05 15:00:00,1.514,1.512,1.52,1.51,47991200.0
2024-02-06 15:00:00,1.511,1.509,1.511,1.501,27812000.0
2024-02-07 15:00:00,1.51,1.511,1.514,1.507,26831200.0
2024-02-08 15:00:00,1.512,1.518,1.519,1.509,21850600.0
2024-02-19 15:00:00,1.52,1.514,1.521,1.513,33315800.0
2024-02-20 15:00:00,1.512,1.51,1.515,1.508,19035400.0
2024-02-21 15:00:00,1.515,1.525,1.526,1.515,35537200.0
2024-02-22 15:00:00,1.525,1.528,1.528,1.52,18338400.0
2024-02-23 15:00:00,1.529,1.535,1.538,1.529,23469904.0
2024-02-26 15:00:00,1.538,1.529,1.538,1.527,28145900.0
2024-02-27 15:00:00,1.525,1.533,1.533,1.525,19297100.0
2024-02-28 15:00:00,1.533,1.529,1.536,1.529,16749600.0
2024-02-29 15:00:00,1.529,1.54,1.54,1.529,17698400.0
2024-03-01 15:00:00,1.545,1.538,1.545,1.536,20996400.0
2024-03-04 15:00:00,1.54,1.543,1.544,1.536,28441600.0
2024-03-05 15:00:00,1.55,1.542,1.55,1.54,22156900.0
2024-03-06 15:00:00,1.539,1.544,1.544,1.536,16469600.0
2024-03-07 15:00:00,1.55,1.552,1.553,1.548,35772300.0
2024-03-08 15:00:00,1.56,1.565,1.565,1.556,28631900.0
2024-03-11 15:00:00,1.569,1.559,1.569,1.554,27219630.0
2024-03-12 15:00:00,1.566,1.562,1.57,1.559,23751800.0
2024-03-13 15:00:00,1.567,1.576,1.604,1.562,43365900.0
2024-03-14 15:00:00,1.6,1.586,1.61,1.584,63013400.0
2024-03-15 15:00:00,1.591,1.61,1.613,1.591,114709936.0
2024-03-18 15:00:00,1.631,1.606,1.631,1.604,56488236.0
2024-03-19 15:00:00,1.611,1.599,1.613,1.592,49128900.0
2024-03-20 15:00:00,1.59,1.593,1.595,1.588,33925000.0
2024-03-21 15:00:00,1.6,1.609,1.61,1.6,52511908.0
2024-03-22 15:00:00,1.607,1.592,1.607,1.588,30003900.0
2024-03-25 15:00:00,1.594,1.588,1.596,1.588,40058000.0
2024-03-26 15:00:00,1.588,1.577,1.588,1.576,32848100.0
2024-03-27 15:00:00,1.573,1.577,1.578,1.571,39376268.0
2024-03-28 15:00:00,1.576,1.585,1.588,1.572,51223100.0
2024-03-29 15:00:00,1.588,1.598,1.599,1.585,78619600.0
2024-04-01 15:00:00,1.6,1.599,1.601,1.588,62139100.0
2024-04-02 15:00:00,1.6,1.603,1.604,1.596,45547300.0
2024-04-03 15:00:00,1.606,1.618,1.625,1.606,105522704.0
2024-04-08 15:00:00,1.628,1.65,1.662,1.628,143139808.0
2024-04-09 15:00:00,1.662,1.66,1.668,1.655,80385624.0
2024-04-10 15:00:00,1.675,1.693,1.695,1.675,104896304.0
2024-04-11 15:00:00,1.674,1.678,1.692,1.674,73139296.0
2024-04-12 15:00:00,1.689,1.701,1.701,1.677,94998896.0
2024-04-15 15:00:00,1.705,1.693,1.705,1.681,106993776.0
2024-04-16 15:00:00,1.693,1.678,1.701,1.675,74444304.0
2024-04-17 15:00:00,1.674,1.683,1.684,1.668,78654496.0
2024-04-18 15:00:00,1.689,1.721,1.721,1.684,90225696.0
2024-04-19 15:00:00,1.742,1.734,1.762,1.716,152479232.0
2024-04-22 15:00:00,1.762,1.737,1.778,1.737,130346904.0
2024-04-23 15:00:00,1.727,1.689,1.728,1.688,122855272.0
2024-04-24 15:00:00,1.697,1.717,1.72,1.696,100600800.0
2024-04-25 15:00:00,1.73,1.733,1.736,1.71,84993296.0
2024-04-26 15:00:00,1.734,1.755,1.757,1.734,105456600.0
2024-04-29 15:00:00,1.748,1.745,1.752,1.739,83005696.0
2024-04-30 15:00:00,1.77,1.763,1.779,1.751,87684304.0
2024-05-06 15:00:00,1.743,1.769,1.776,1.743,86120000.0
2024-05-07 15:00:00,1.775,1.753,1.775,1.751,73505424.0
2024-05-08 15:00:00,1.741,1.731,1.747,1.729,82904600.0
2024-05-09 15:00:00,1.736,1.74,1.746,1.736,50645200.0
2024-05-10 15:00:00,1.749,1.77,1.77,1.745,70200096.0
2024-05-13 15:00:00,1.736,1.762,1.766,1.736,57559332.0
2024-05-14 15:00:00,1.779,1.79,1.798,1.776,112796800.0
2024-05-15 15:00:00,1.779,1.793,1.8,1.779,80477296.0
2024-05-16 15:00:00,1.798,1.796,1.815,1.793,89273600.0
2024-05-17 15:00:00,1.802,1.83,1.832,1.802,78639512.0
2024-05-20 15:00:00,1.909,1.873,1.931,1.863,210731808.0
2024-05-21 15:00:00,1.898,1.866,1.903,1.845,153669328.0
2024-05-22 15:00:00,1.872,1.862,1.872,1.848,107236400.0
2024-05-23 15:00:00,1.81,1.808,1.824,1.804,111487112.0
2024-05-24 15:00:00,1.808,1.823,1.834,1.808,123025104.0
2024-05-27 15:00:00,1.822,1.822,1.829,1.82,89683296.0
2024-05-28 15:00:00,1.856,1.845,1.859,1.841,121343504.0
2024-05-29 15:00:00,1.842,1.869,1.872,1.842,117141600.0
2024-05-30 15:00:00,1.864,1.825,1.864,1.819,123152184.0
2024-05-31 15:00:00,1.812,1.824,1.824,1.803,100580336.0
2024-06-03 15:00:00,1.804,1.79,1.81,1.783,130215000.0
2024-06-04 15:00:00,1.794,1.8,1.805,1.793,102118200.0
2024-06-05 15:00:00,1.773,1.759,1.776,1.758,103003552.0
2024-06-06 15:00:00,1.778,1.777,1.786,1.775,90666800.0
2024-06-07 15:00:00,1.794,1.787,1.794,1.782,76207000.0
2024-06-11 15:00:00,1.764,1.752,1.77,1.75,80825744.0
2024-06-12 15:00:00,1.753,1.757,1.763,1.753,56142728.0
2024-06-13 15:00:00,1.753,1.753,1.753,1.744,67524816.0
2024-06-14 15:00:00,1.745,1.743,1.75,1.736,45255000.0
2024-06-17 15:00:00,1.739,1.714,1.739,1.713,44981700.0
2024-06-18 15:00:00,1.724,1.717,1.729,1.715,46962200.0
2024-06-19 15:00:00,1.722,1.734,1.734,1.721,47990100.0
2024-06-20 15:00:00,1.741,1.749,1.755,1.741,62152600.0
2024-06-21 15:00:00,1.755,1.738,1.757,1.737,40669500.0
2024-06-24 15:00:00,1.728,1.731,1.738,1.724,43052400.0
2024-06-25 15:00:00,1.727,1.733,1.736,1.726,27884700.0
2024-06-26 15:00:00,1.717,1.731,1.731,1.704,64439800.0
2024-06-27 15:00:00,1.721,1.714,1.727,1.714,34586900.0
2024-06-28 15:00:00,1.726,1.74,1.741,1.72,67019200.0
2024-07-01 15:00:00,1.739,1.74,1.743,1.736,53545900.0
2024-07-02 15:00:00,1.741,1.748,1.75,1.741,32571300.0
2024-07-03 15:00:00,1.747,1.763,1.763,1.743,40450400.0
2024-07-04 15:00:00,1.775,1.766,1.775,1.76,41862900.0
2024-07-05 15:00:00,1.763,1.771,1.779,1.763,64427800.0
2024-07-08 15:00:00,1.78,1.76,1.783,1.759,41854268.0
